time,cloud_cover,evaporation,humidity,specific_humidity,precip,pressure,sea_level_pressure,thermal_rad,solar_rad,wind_speed,temp_2m,temp_max_24h,temp_min_24h,wind_u,wind_v
2006-01-01,79.36217,5.6111,86.716064,19.093218,20.162052,1002.9656,1007.1459,436.2082,140.48087,6.3937864,26.335938,27.097849,25.722832,5.2710123,-0.5771633
2006-02-01,73.43842,4.265333,84.85891,18.74281,12.325803,1003.9418,1008.2503,426.6054,188.60823,5.0231185,26.405119,27.159296,25.79262,4.128514,-0.26440027
2006-03-01,71.63203,3.6737201,84.303986,18.543362,10.332842,1005.7575,1009.9019,421.8593,206.99751,4.282362,26.37565,27.141308,25.682076,3.4136033,-0.70867336
2006-04-01,62.037495,3.4202783,80.13855,18.060158,4.096816,1006.9747,1011.04156,410.93658,247.10074,3.6812012,26.822546,27.615881,26.050879,-1.7177787,0.0914327
2006-05-01,74.40675,5.0150013,84.83174,18.783148,12.430239,1006.2236,1010.42865,426.45255,156.63829,5.902453,26.505733,27.310652,25.835146,-4.658932,1.611654
2006-06-01,66.06504,7.692409,76.98897,17.478647,1.693404,1007.12726,1011.3342,402.4787,215.9326,8.951772,26.934761,27.838936,26.103218,-7.6518717,4.3317976
2006-07-01,71.559456,6.055047,80.50074,17.4302,5.5764594,1006.7908,1011.07745,409.6704,188.56741,8.286632,26.158964,27.014185,25.385746,-7.3304367,3.4252048
2006-08-01,69.197845,5.2641635,78.437775,16.791399,0.8197344,1007.2272,1011.3339,398.493,245.28444,7.3352656,26.013266,26.88658,25.237822,-6.0696845,3.624984
2006-09-01,66.804344,5.6705327,77.48381,16.513659,0.94299,1007.95154,1011.88666,398.22278,270.61816,7.654338,25.975945,26.845942,25.181116,-6.180103,4.00788
2006-10-01,67.400375,5.3169546,79.18985,17.045374,1.6591419,1008.91394,1012.846,404.47754,280.51913,7.6215634,26.146082,26.979403,25.394636,-6.416249,3.5397012
2006-11-01,62.603096,3.9012558,79.71389,17.374533,2.2017372,1007.211,1011.07104,403.98633,283.82648,5.5858464,26.32658,27.167027,25.54738,-4.49806,2.4207473
2006-12-01,64.92112,3.4059262,81.70152,18.014507,4.3426194,1005.75214,1009.8297,411.57278,261.8495,4.5334873,26.469654,27.276827,25.742062,-2.9157624,1.5724155
2007-01-01,65.91055,3.7250834,82.97982,18.38195,7.992499,1004.24384,1008.4118,416.31042,237.719,4.0544763,26.459965,27.201189,25.798363,1.0110635,0.36700732
2007-02-01,66.827705,3.7994153,83.211815,18.762684,10.1571665,1004.6195,1008.9209,421.32242,221.67941,4.0776916,26.765007,27.52277,26.100973,2.2512202,-0.13892332
2007-03-01,66.561714,3.015621,81.261185,18.739489,6.0150084,1005.6363,1009.7981,417.16183,251.14693,3.1488545,27.155155,27.902382,26.444515,0.0552863899999999,-0.03685997
2007-04-01,69.87725,3.9004502,82.87633,19.047077,8.334489,1006.2975,1010.5099,422.8372,214.22679,4.048341,27.12496,27.964304,26.3438,-2.6552846,-0.010777549
2007-05-01,71.195595,4.5616026,84.03325,18.99847,11.504077,1004.9473,1009.3044,425.75037,169.78087,4.8549848,26.820896,27.601126,26.116722,-3.3918753,1.2945018
2007-06-01,74.1539,5.8810587,83.026436,18.6692,9.001498,1005.51086,1009.62286,422.20688,162.94966,6.8706546,26.738508,27.572235,26.015356,-5.092486,2.9115088
2007-07-01,74.74196,6.839937,82.72246,18.341108,9.289565,1005.0173,1009.27795,421.22495,163.5099,8.565752,26.507938,27.296728,25.822075,-6.975299,4.0950246
2007-08-01,73.973495,6.6145797,81.41645,17.98422,5.807446,1006.0775,1010.2772,418.12195,196.22018,8.473155,26.471907,27.278143,25.760593,-6.6162868,4.721914
2007-09-01,68.2618,5.3231792,79.88225,17.72113,2.2054687,1007.81335,1011.81,407.99353,253.1068,6.663469,26.594627,27.468115,25.813477,-4.837001,4.1623206
2007-10-01,68.17258,5.5572324,80.43429,17.8444,4.887769,1007.3273,1011.2859,414.37714,249.85435,6.876648,26.61811,27.541243,25.799158,-5.5240045,3.365201
2007-11-01,67.36916,5.0276537,80.08431,18.154734,5.881294,1006.3685,1010.22266,416.0468,238.71548,6.306254,26.958668,27.808071,26.186901,-5.602853,2.263905
2007-12-01,69.71053,3.6557062,82.76632,18.530455,6.401679,1004.6116,1008.7408,419.11612,239.58514,4.680319,26.689985,27.489721,25.981176,-3.1493466,1.6921179
2008-01-01,70.93849,3.9960144,83.49732,18.632227,9.055028,1004.3433,1008.6387,419.93445,229.27048,4.2935834,26.587057,27.325537,25.916965,0.6298377,0.6962433
2008-02-01,73.69669,4.1450577,84.026024,19.00588,11.501524,1003.8203,1008.12805,426.61795,204.57797,4.595327,26.802876,27.577095,26.125235,2.6441028,-0.7514763
2008-03-01,66.659874,3.0993843,82.56576,18.792675,8.326289,1005.21295,1009.41034,422.1343,229.53851,3.300042,26.933842,27.703735,26.20431,0.9515503,-0.6896693
2008-04-01,69.472176,3.9773865,81.83183,19.025782,7.0949783,1005.68726,1009.8966,421.45984,220.68803,4.0350213,27.316029,28.235624,26.468073,-3.0184891,0.02086639
2008-05-01,73.7338,6.0462475,83.04749,19.204983,10.912548,1005.23425,1009.275,428.06183,163.66562,6.626419,27.205462,28.044506,26.47712,-3.4846454,2.3072348
2008-06-01,75.11376,5.933303,83.61468,18.834154,10.374063,1005.1075,1009.35443,426.75507,145.90974,7.0429807,26.771797,27.613247,26.025496,-5.4449835,3.5123627
2008-07-01,73.39233,6.827606,80.72149,17.901804,8.759557,1006.0471,1010.2896,417.8794,164.87802,8.125945,26.556507,27.46409,25.731123,-6.780231,3.887141
2008-08-01,71.965034,6.118036,79.56968,17.39092,3.6097398,1007.00793,1011.2165,409.93964,211.71178,7.915595,26.327759,27.177599,25.575045,-6.3520427,4.2943807
2008-09-01,67.99421,6.0179615,76.71404,16.822853,1.2939167,1007.7942,1011.7728,399.84592,264.0268,7.9285674,26.464113,27.388279,25.633753,-6.478499,4.0875235
2008-10-01,66.88243,4.8444543,79.1477,17.392727,2.3981721,1008.4451,1012.3355,403.50574,277.80865,6.7761445,26.494791,27.373808,25.696436,-5.724302,2.987144
2008-11-01,65.038864,4.3926835,80.76293,17.954643,4.0869136,1006.424,1010.3997,413.31894,257.25543,6.1781583,26.630665,27.472683,25.852612,-5.3708067,2.2690508
2008-12-01,68.085266,3.7225206,82.599075,18.324759,4.4043956,1005.5811,1009.66187,417.6956,248.19994,4.921252,26.54305,27.351147,25.81972,-3.0785115,1.9892832
2009-01-01,66.63897,4.2421746,82.47773,18.348888,7.553746,1004.6639,1008.7277,416.6932,239.07709,4.5597835,26.532658,27.275402,25.870972,0.9326152,1.2642329
2009-02-01,61.006374,3.7600303,81.20645,18.330713,7.874825,1006.028,1010.35846,415.64304,248.21286,3.988549,26.815315,27.609844,26.088179,2.174946,-0.37025344
2009-03-01,70.97341,3.9942513,83.588135,18.822182,10.29628,1005.625,1009.8505,425.17197,203.20088,4.492025,26.767248,27.564043,26.059258,2.9598854,-0.88420355
2009-04-01,66.588646,3.580649,81.04316,18.296299,5.6278415,1005.9172,1010.12854,412.8945,232.64705,3.908399,26.815495,27.613386,26.084282,-0.5116363,0.7616319
2009-05-01,69.80598,4.6391816,83.40711,18.548914,7.1905255,1006.9115,1011.1484,418.6866,191.19301,5.5669837,26.592806,27.37869,25.893454,-4.441954,2.262351
2009-06-01,71.92175,6.781771,81.485985,18.548914,6.107948,1007.34607,1011.52264,414.85855,174.16356,8.485765,26.415234,27.19554,25.709154,-7.2085295,4.1660395
2009-07-01,65.32302,6.026161,80.927666,17.433916,2.6784387,1007.2381,1011.43274,404.93243,211.45909,8.160312,26.071453,26.874578,25.33643,-6.9590178,3.8899608
2009-08-01,68.933174,5.125671,81.136444,17.334295,1.7519698,1007.1144,1011.21344,404.63232,237.12231,7.4198556,25.943575,26.699339,25.253576,-6.0596485,3.6636925
2009-09-01,66.64975,6.0140424,77.38284,16.525759,0.9816304,1007.2571,1011.3506,396.63443,269.87064,7.887479,25.986105,26.838049,25.21633,-6.028112,4.5099387
2009-10-01,67.7294,5.022438,80.1528,16.992975,1.7959132,1008.55756,1012.5145,403.39145,277.70718,6.9362516,25.870846,26.686422,25.123356,-5.5551405,3.5277698
2009-11-01,64.093414,4.1389484,79.82431,17.086395,1.1153142,1008.2429,1012.1296,401.35797,296.2407,5.7064395,26.045439,26.88883,25.261845,-4.3620605,2.6877348
2009-12-01,68.533585,3.891108,82.935936,17.850578,5.703677,1006.2099,1010.298,414.83234,239.58865,5.0072217,26.024197,26.795696,25.332222,-2.5309753,2.0700278
2010-01-01,67.54334,4.227659,82.19221,18.003035,5.0564837,1006.7377,1010.8599,413.9782,257.52368,4.6629543,26.320223,27.139788,25.576904,-0.23107325,1.6788191
2010-02-01,62.857353,3.3420157,80.96218,18.317438,6.34841,1006.9892,1011.22296,413.8869,256.7414,3.491188,26.861433,27.61984,26.192953,0.5960518,0.51827157
2010-03-01,58.61823,2.9514425,79.20895,18.347902,4.8668003,1006.98755,1011.3048,411.63486,266.22864,2.930815,27.254467,27.990618,26.561634,-0.05606372,0.038257964
2010-04-01,67.615,3.3161423,81.742485,18.84237,6.788731,1006.39746,1010.63,420.1136,225.30708,3.4639254,27.17478,27.981184,26.417183,-1.4144965,-0.16297072
2010-05-01,68.1408,4.754784,83.13454,18.915,7.6462564,1006.4869,1010.73425,422.00748,184.0115,5.316254,26.950632,27.753048,26.242064,-3.3073962,1.1454774
2010-06-01,72.46924,6.03917,82.55625,18.448458,7.3170524,1007.43646,1011.4802,418.28024,172.77664,7.153272,26.67184,27.446798,25.981983,-5.6765714,3.7113302
2010-07-01,73.70419,6.7657666,81.010445,17.837862,4.3184967,1007.1998,1011.4559,413.9557,184.89015,8.485496,26.430197,27.18854,25.762285,-7.037044,4.3154364
2010-08-01,67.84047,6.84896,80.31542,16.933458,2.3485196,1008.2927,1012.52997,402.29816,229.63898,8.243694,25.74445,26.588753,25.01296,-5.9347587,5.194901
2010-09-01,67.943436,6.345061,77.68882,16.671259,0.702101,1008.2714,1012.27423,399.5727,269.68884,8.232184,26.097738,27.00947,25.280125,-6.2300563,4.8373165
2010-10-01,65.83335,4.762685,79.79515,17.276392,3.0548377,1008.49457,1012.3676,402.31766,276.42862,6.5749493,26.230078,27.03674,25.471052,-5.105506,2.9973505
2010-11-01,62.05459,4.3108034,81.00135,17.851858,3.547658,1007.61005,1011.4887,410.63065,266.675,5.809419,26.481665,27.287897,25.7331,-4.952234,2.3761203
2010-12-01,65.588295,3.7149348,80.90768,18.2329,4.13893,1006.22723,1010.3782,413.25153,259.87335,4.862338,26.836967,27.675219,26.055634,-3.7410789,1.7044051
2011-01-01,66.40596,4.0413227,82.01671,18.570492,6.7879505,1005.5821,1009.8323,415.98047,248.95436,4.5388784,26.835884,27.560022,26.17347,2.2247784,-0.242689
2011-02-01,62.912945,4.037387,80.72885,18.556452,8.103719,1006.41113,1010.61914,415.66754,246.08981,4.136083,27.11457,27.928743,26.38525,1.3994884,0.41367468
2011-03-01,57.30304,3.3680317,78.8108,18.533667,4.7891936,1007.8469,1012.13336,412.82587,268.37363,3.2447035,27.528727,28.32568,26.779835,0.0496644,-0.2713076
2011-04-01,62.86683,3.1402137,81.32305,19.104778,5.002684,1006.0484,1010.25836,420.36188,239.88496,3.182225,27.486267,28.314486,26.699951,-1.834977,0.2538287
2011-05-01,64.203224,3.4807327,82.357635,18.977896,4.375079,1005.70764,1009.9363,418.5226,216.29796,3.9530957,27.14754,27.913013,26.445639,-2.820584,1.1976048
2011-06-01,76.909904,6.880587,84.054,19.055643,11.79157,1005.4738,1009.7471,430.1958,137.7722,8.605529,26.870707,27.71606,26.169718,-7.244799,4.1479726
2011-07-01,72.7063,6.7007356,81.69313,17.986195,4.7201457,1006.38684,1010.61615,414.10324,183.18651,8.26237,26.408295,27.187605,25.717653,-6.4451976,4.800002
2011-08-01,70.71595,6.2851124,80.140526,17.570963,2.3895793,1006.58575,1010.7581,407.67688,223.37312,7.952185,26.355654,27.100313,25.669682,-6.2286153,4.3548217
2011-09-01,72.15039,5.8641143,79.570755,17.533491,3.620703,1006.58984,1010.70105,411.55692,237.30873,7.933882,26.482061,27.354626,25.67905,-6.278127,4.26981
2011-10-01,76.01875,5.2265444,82.812584,18.174997,5.198313,1006.8814,1010.80334,422.9263,222.88759,7.3493376,26.38339,27.156582,25.694857,-5.8654923,3.8606918
2011-11-01,64.76872,3.5391517,81.41389,17.824856,3.2446256,1007.3047,1011.2234,409.95148,270.55728,4.4786983,26.36685,27.16675,25.61829,-2.7973628,1.6623105
2011-12-01,68.883804,3.2062402,82.29968,18.171263,4.8939047,1005.7348,1009.8341,415.2703,254.27464,3.7762163,26.44244,27.21237,25.726795,-0.8637956,1.1792293
2012-01-01,75.7936,4.878441,85.22747,19.022871,11.762419,1003.29364,1007.5525,430.65384,189.72256,5.8059363,26.564663,27.342308,25.899256,4.1272335,0.085448734
2012-02-01,71.50917,4.4606657,84.57746,18.837238,14.118968,1004.86346,1008.98254,426.41556,198.4946,5.0738115,26.564913,27.332817,25.859737,2.9039912,-0.16156188
2012-03-01,69.91957,3.220228,83.89083,18.889902,8.443857,1004.9837,1009.1485,423.53238,224.21648,3.8007247,26.747505,27.52721,26.02953,1.638806,-0.5714472
2012-04-01,70.85563,3.467534,84.30374,18.912264,8.5355835,1005.2708,1009.46106,424.43887,201.49603,3.7990746,26.691477,27.466516,25.988348,-1.2934973,0.17915042
2012-05-01,70.4782,5.715424,80.886086,18.489565,5.71552,1005.94653,1009.9211,417.53024,194.4308,6.2666297,27.02893,27.853983,26.241602,-2.4960482,2.561633
2012-06-01,74.19249,6.1440725,83.11063,18.315561,8.342392,1006.85504,1011.18536,421.96048,153.25874,7.4976363,26.43638,27.237787,25.743258,-6.0814233,3.7420056
2012-07-01,74.63805,6.5067105,82.17822,17.958216,7.535709,1006.1673,1010.4598,418.9329,162.73077,8.598734,26.297432,27.127764,25.568827,-7.3457203,4.126514
2012-08-01,71.53531,5.7580843,80.126564,17.269466,2.0264053,1006.4143,1010.5841,406.6772,223.61597,7.6832724,26.081633,26.908283,25.33444,-6.1808114,4.114035
2012-09-01,66.84804,5.7436013,77.71944,16.961288,1.5276755,1007.75616,1011.81696,400.05432,264.78232,7.877466,26.352827,27.259314,25.5279,-6.5365252,3.8302126
2012-10-01,58.250374,4.906848,77.30482,16.930069,1.1384263,1007.364,1011.2783,394.93015,299.826,6.6939287,26.408182,27.277828,25.58553,-5.7528644,2.720886
2012-11-01,64.312035,4.299313,80.79289,17.692347,3.155146,1006.5236,1010.3944,407.24103,274.78992,6.1804566,26.364286,27.252886,25.532732,-5.219891,2.2298853
2012-12-01,67.63925,3.516504,80.92311,17.818115,3.2739244,1005.0856,1009.11707,411.2935,261.5128,4.560389,26.409452,27.246681,25.601006,-2.8647988,1.8768806
2013-01-01,66.73452,3.863015,81.63895,18.031675,6.700604,1004.9579,1009.14636,413.36316,247.16113,3.9830709,26.425976,27.201912,25.706991,0.6934501,0.8892063
2013-02-01,71.665596,4.3641834,83.89113,18.965855,12.61942,1002.8743,1007.22675,425.23334,202.23566,4.8438263,26.77184,27.538004,26.09136,3.4913907,-0.6850673
2013-03-01,74.20336,4.0745344,85.309494,19.289255,12.964748,1003.19824,1007.3609,431.85324,183.08916,4.8632836,26.784567,27.613293,26.054956,2.9442027,-0.5248251
2013-04-01,64.89852,3.1713526,81.49238,18.36057,5.687448,1005.223,1009.2072,415.2957,229.81636,3.2167814,26.761208,27.49933,26.080992,-0.13050002,0.8057717
2013-05-01,72.62758,4.3395486,84.89526,18.918776,10.358374,1005.7165,1009.95514,424.88986,174.7306,4.934707,26.598772,27.392033,25.904896,-3.587713,0.61622506
2013-06-01,72.88042,5.934683,83.25546,18.31265,11.320573,1005.9354,1010.13245,422.25638,150.30641,7.0868216,26.39999,27.240404,25.683409,-5.993678,3.0381722
2013-07-01,73.90129,4.998448,84.83293,18.25194,8.967933,1005.66925,1009.9413,422.55707,158.43558,6.5919633,26.018534,26.791178,25.36964,-5.3566737,2.9123986
2013-08-01,71.80275,6.9504247,79.12759,17.45115,2.1302838,1005.7395,1009.96344,407.3086,222.01964,8.927932,26.44346,27.261421,25.703846,-7.307297,4.784139
2013-09-01,71.22897,5.644004,79.21441,17.466707,2.7040658,1007.1725,1011.26984,410.18704,242.09483,7.8743677,26.510258,27.362566,25.754932,-6.4558425,4.06214
2013-10-01,66.24629,5.0531416,78.800606,17.385302,1.4859881,1007.50305,1011.39996,405.23502,281.89343,6.622682,26.528736,27.43534,25.672049,-5.259541,3.4271252
2013-11-01,63.002815,4.2087927,80.39555,17.979618,4.306052,1007.7952,1011.62616,411.86807,260.42368,5.671792,26.750162,27.587914,25.967627,-4.844039,1.9674865
2013-12-01,64.98567,3.100579,82.37352,18.297153,5.14837,1005.883,1010.115,415.08105,253.3762,3.5704794,26.559221,27.313774,25.85562,-0.5009161,0.6085169
2014-01-01,68.10109,3.3906474,83.06612,18.751833,7.72038,1003.5807,1007.7916,419.15628,244.28432,3.82842,26.763134,27.477577,26.110891,1.9313014,-0.42201498
2014-02-01,77.86889,5.5758696,86.12299,19.41146,17.509052,1003.70667,1008.06226,435.3877,153.6199,6.815396,26.743156,27.54221,26.108944,6.006704,-1.3360658
2014-03-01,71.1157,3.9194684,84.71043,18.938166,11.005384,1006.32935,1010.567,426.18423,198.8627,4.8075356,26.655195,27.428036,25.9899,3.912463,-0.89778095
2014-04-01,66.58384,2.9494846,83.272514,18.542894,6.758797,1006.0369,1010.2879,419.91602,217.90723,3.3569238,26.587801,27.347643,25.87874,-0.064499065,0.32968
2014-05-01,74.97299,5.514359,84.583786,19.035097,12.518281,1006.048,1010.185,429.434,151.79681,6.4784555,26.776636,27.625185,26.060091,-5.414682,2.3114212
2014-06-01,70.702065,7.266637,78.41622,17.773619,3.7077327,1006.61145,1010.7729,407.7641,196.19745,8.19152,26.901665,27.79058,26.098022,-6.6477327,4.2407823
2014-07-01,71.28518,6.028588,79.98657,17.540033,3.1722002,1006.7257,1010.90314,409.68945,200.02351,7.6736255,26.371021,27.214954,25.627901,-6.188614,4.01035
2014-08-01,68.99379,6.323769,79.29288,17.166485,2.2260127,1007.9206,1012.04535,403.82797,231.72989,8.047555,26.168814,26.977415,25.428625,-6.1846304,4.631236
2014-09-01,69.285255,5.777928,78.99243,17.260042,1.3955523,1008.83997,1012.8746,404.52872,265.09497,7.5618024,26.381315,27.229822,25.62891,-5.723903,4.4475083
2014-10-01,62.18768,5.3579874,77.66314,17.457039,1.4418409,1007.7307,1011.65765,402.7958,290.8323,7.2145934,26.858545,27.742588,26.04984,-5.8891587,3.5542603
2014-11-01,68.47318,4.6995935,81.30793,18.210707,5.5538244,1006.52405,1010.52234,417.53952,241.04417,6.4383316,26.748604,27.594763,25.9917,-5.569239,2.5176992
2014-12-01,62.24806,3.332415,82.0104,18.137024,4.7077613,1006.1182,1010.2274,411.82166,258.01022,4.0435157,26.480602,27.203024,25.796093,-2.0654135,1.4944459
2015-01-01,66.27839,4.1364617,82.597206,18.578182,7.441074,1005.55804,1009.778,417.9559,241.47731,4.504339,26.728964,27.475952,26.053823,1.5006112,0.7773991
2015-02-01,67.1399,3.3290842,82.21945,18.765718,7.5390315,1006.3764,1010.50525,420.1472,235.18391,3.604198,26.988716,27.73427,26.320618,1.8750731,-0.05075075
2015-03-01,65.22792,3.7123268,81.354256,18.92907,8.534191,1006.5029,1010.7836,420.44305,231.89285,3.9938936,27.312933,28.060278,26.65675,1.8909122,-0.21010281
2015-04-01,64.709206,3.1930835,83.74246,19.4597,7.6175447,1006.8494,1011.0577,425.1783,221.24728,3.5352225,27.298882,28.038578,26.629736,-1.9276308,0.024637401
2015-05-01,67.05808,6.5440707,81.1326,19.136396,9.157053,1006.26154,1010.544,421.64703,189.13715,7.273511,27.549253,28.41986,26.72321,-6.322607,2.8256497
2015-06-01,70.63421,6.9109144,79.48798,18.325626,3.6599185,1006.04596,1010.24554,414.39023,189.53882,8.207968,27.162426,28.026161,26.361572,-7.074471,3.7875972
2015-07-01,71.96239,6.393683,79.95013,17.692192,4.3297048,1006.02545,1010.2132,411.30286,194.98758,8.377759,26.50691,27.361666,25.752567,-6.8045573,4.400877
2015-08-01,66.316315,6.104991,76.45118,16.76936,0.8003241,1007.2484,1011.337,396.6006,249.5644,8.198963,26.430017,27.36158,25.59741,-6.611418,4.416255
2015-09-01,71.31137,4.886775,80.19062,17.383295,1.8075631,1006.56305,1010.6337,409.07486,250.0961,7.4609256,26.211369,27.069605,25.443499,-6.171956,3.6328175
2015-10-01,60.893993,4.242451,78.718895,17.236015,1.2495253,1007.4621,1011.25446,399.75848,297.0362,5.9802136,26.40732,27.268373,25.603258,-4.692505,2.8643136
2015-11-01,61.04338,4.459502,78.86962,17.71754,3.1518397,1007.20935,1011.07776,406.8664,276.9866,5.798528,26.82299,27.710297,25.972107,-4.693514,2.3048177
2015-12-01,66.42557,4.134159,81.21453,18.297218,4.6598616,1005.52563,1009.66345,414.0692,255.85995,5.065309,26.803211,27.67447,26.00023,-2.622135,1.9726442
2016-01-01,69.71733,3.9673097,82.171104,18.280352,9.558563,1004.43823,1008.67944,419.94308,219.60127,4.06591,26.531374,27.289171,25.824833,1.7710037,0.18560407
2016-02-01,70.9728,4.5877385,83.76401,19.046436,13.175541,1004.54083,1008.69763,426.1493,208.24892,4.7976747,26.903505,27.688782,26.19269,2.9415545,-0.16411224
2016-03-01,68.78642,3.8804576,83.51645,19.120043,10.378213,1005.2875,1009.5396,425.95587,210.78304,4.1903787,27.032093,27.832308,26.301859,0.2005209,0.12339456
2016-04-01,69.35884,3.6647072,83.53823,19.110844,7.986357,1006.3417,1010.452,423.8267,211.88452,3.9674478,27.037884,27.82111,26.311235,-1.9159808,0.56362855
2016-05-01,68.75544,5.4950027,82.228905,18.953257,9.284038,1006.46985,1010.67267,422.29123,183.95453,5.9678893,27.174482,27.997688,26.420439,-4.4991055,2.214988
2016-06-01,70.69388,6.5214334,80.981285,18.386213,4.5767145,1006.7365,1010.8504,416.35788,182.42244,7.2860093,26.922953,27.771914,26.129333,-5.842491,3.5994923
2016-07-01,74.40323,6.9011474,80.75297,17.981152,4.803305,1007.4236,1011.7444,416.74106,177.94351,8.606439,26.619022,27.417042,25.8999,-7.1173005,4.4575286
2016-08-01,61.641075,6.4548373,77.404305,17.152653,0.90272677,1007.02985,1011.16864,398.38324,254.26227,8.445373,26.571964,27.4597,25.775002,-7.164273,4.0661387
2016-09-01,66.74411,5.6646104,76.98668,17.065577,0.8445074,1008.0943,1012.1251,399.69733,275.80142,8.013703,26.633448,27.519617,25.819017,-6.791535,3.7532418
2016-10-01,59.991196,4.962842,76.60366,17.133762,0.72366995,1008.6347,1012.4891,394.7104,305.25644,6.798087,26.805578,27.708187,25.957735,-5.6979403,3.0757842
2016-11-01,58.261654,4.266158,78.60683,17.739962,2.1937168,1007.77954,1011.6966,401.96613,292.43704,5.7047596,26.905933,27.811096,26.051018,-4.795287,2.2639832
2016-12-01,66.105316,3.67097,81.477036,18.262297,4.339407,1005.9951,1010.0994,414.73996,251.95021,4.6663027,26.737572,27.53705,25.978312,-3.0237105,1.4746537
2017-01-01,67.86141,4.0452886,82.8657,18.76934,8.096968,1004.1155,1008.35474,420.22586,235.62271,4.5960927,26.829338,27.596231,26.124712,0.14648661,0.6401819
2017-02-01,63.518818,3.6226926,82.66087,19.03843,7.462954,1005.60266,1009.7987,420.6704,246.69353,3.8863606,27.12048,27.89682,26.405405,0.38972828,0.60903287
2017-03-01,61.484394,3.334108,81.850044,19.378479,6.162873,1006.3503,1010.46967,421.98874,251.52536,3.5788193,27.610172,28.450142,26.823414,-0.49269536,0.016164614
2017-04-01,62.033524,3.1541207,80.95743,19.433743,5.088228,1005.4793,1009.8278,420.42453,246.63124,3.2205682,27.827127,28.638128,27.056461,-1.7043744,-0.21066312
2017-05-01,63.85984,4.1179156,81.44417,19.201178,5.014669,1006.0412,1010.2924,419.37143,211.77919,4.194121,27.534573,28.335213,26.8005,-2.941128,1.6798815
2017-06-01,76.49671,6.772448,84.11773,19.221106,13.62166,1005.2803,1009.52966,430.59866,135.38026,7.7959127,26.995369,27.777754,26.301191,-5.965522,4.055693
2017-07-01,74.82998,7.1861973,82.41363,18.3769,10.695308,1005.93744,1010.2642,421.22427,159.27872,8.58198,26.615202,27.389904,25.912853,-6.6806555,4.469504
2017-08-01,72.89706,6.545769,79.99278,17.635754,1.783879,1007.46783,1011.6042,411.43323,220.29454,7.904466,26.468657,27.296282,25.732874,-5.8856616,4.8900266
2017-09-01,70.65274,5.7782526,81.10423,17.828653,3.8381872,1007.47974,1011.5478,413.65253,234.41197,7.6675005,26.435307,27.233524,25.71469,-6.236717,3.9406974
2017-10-01,66.63446,4.989949,80.15408,17.597801,3.3332973,1009.09973,1013.00964,409.38123,265.90292,6.717053,26.459967,27.304752,25.696892,-5.3917747,3.291751
2017-11-01,63.95263,4.4854355,80.07924,17.825985,3.5705612,1007.85834,1011.90265,410.77567,263.86868,5.980141,26.669426,27.470894,25.915548,-5.184668,2.1339276
2017-12-01,64.812294,4.252114,79.74363,18.17433,3.864207,1006.0819,1010.1299,412.35846,263.70844,5.6775885,27.040003,27.933891,26.199669,-4.433591,2.4616919
2018-01-01,66.42665,3.4679153,82.96403,18.605635,6.0249815,1006.0471,1010.1822,417.76694,249.80635,3.8865123,26.694296,27.4603,25.989346,0.7546599,0.456478
2018-02-01,66.09628,3.9352763,81.75349,18.730806,8.672309,1006.2338,1010.5277,420.36386,239.26482,4.193944,27.052624,27.822184,26.379072,2.2171175,-0.22837645
2018-03-01,67.31041,3.4913406,82.41332,18.939232,8.324706,1006.30774,1010.56476,421.1364,233.51524,3.7786736,27.109034,27.886097,26.399426,1.017782,0.1524547
2018-04-01,67.85832,2.894075,83.635056,19.100267,6.6813464,1006.32855,1010.5347,422.75137,222.98177,3.0875025,27.000158,27.714306,26.329462,-1.6150168,0.32230684
2018-05-01,75.40654,5.6084867,84.92993,19.292812,14.334614,1005.41583,1009.82556,432.10422,150.9961,6.6785445,26.917015,27.703117,26.239489,-5.428567,2.8199897
2018-06-01,76.46741,7.3058777,82.63261,18.398499,10.404044,1006.6795,1010.84454,422.9531,148.39296,8.696134,26.601706,27.386017,25.906477,-7.1362557,4.2889223
2018-07-01,74.952866,7.017986,81.65115,17.77707,6.7258515,1006.329,1010.59094,415.01273,175.95988,8.898505,26.234669,27.028543,25.509233,-7.2355566,4.73315
2018-08-01,72.05523,6.202724,80.913994,17.260586,3.086404,1006.90137,1011.03284,408.01657,215.95909,8.040306,25.901754,26.665642,25.214888,-6.068056,4.8534064
2018-09-01,72.389046,6.2362657,77.98457,17.164595,1.3509394,1008.03546,1012.12384,407.86584,246.81616,8.584476,26.491072,27.367336,25.675617,-7.1038337,4.41931
2018-10-01,66.03844,5.046798,79.33257,17.559069,2.9086792,1008.0461,1011.8814,406.2654,273.27078,7.172498,26.604284,27.504957,25.767403,-5.936257,3.4518776
2018-11-01,71.31131,4.491566,82.09182,18.167234,6.7535915,1006.25183,1010.07355,417.86465,239.21996,6.3631725,26.518038,27.317217,25.77137,-4.752858,2.8382635
2018-12-01,69.33158,3.6583529,82.17404,18.156918,4.7633066,1004.4372,1008.5394,415.99088,248.71031,4.1725063,26.409124,27.14511,25.75359,0.38305333,1.3353516
2019-01-01,65.638336,4.3354964,78.2827,17.930943,6.5349684,1004.1291,1008.24976,411.41714,254.37471,4.3620815,27.015703,27.83494,26.284761,2.3360276,0.7744005
2019-02-01,64.12896,3.1326969,80.50001,18.70779,5.3997965,1004.86053,1009.0787,416.30405,264.65213,3.1183205,27.27513,28.088188,26.505436,0.4837927,0.13290867
2019-03-01,68.278595,3.3677793,81.80473,19.16541,8.445299,1005.1307,1009.38324,422.6901,237.26666,3.4167898,27.414616,28.204002,26.669699,0.25547665,-0.029859293
2019-04-01,62.02997,3.5387833,80.928696,18.875254,5.4333553,1006.92163,1011.0588,418.6264,238.66966,3.5830667,27.382795,28.223524,26.570484,-1.5610812,-0.05400679
2019-05-01,66.148636,4.0769973,82.226616,18.941149,5.104258,1006.19684,1010.4,418.841,210.50089,4.4979825,27.163973,28.029924,26.354086,-3.8799882,1.0533335
2019-06-01,71.79053,5.7983084,81.71548,18.595058,6.816237,1005.9899,1010.1711,421.79373,169.3072,6.8453784,26.971806,27.841969,26.207584,-5.7862334,3.1421106
2019-07-01,71.87537,6.7199497,79.308914,18.022676,3.9159338,1006.3614,1010.53613,413.35983,193.38243,8.371378,26.962322,27.854206,26.1521,-6.9548974,4.192145
2019-08-01,68.47119,5.881587,78.831894,17.717062,2.0776618,1007.1324,1011.2717,406.83286,236.48131,7.7775974,26.809975,27.708614,26.000664,-6.371892,3.783216
2019-09-01,72.29072,5.8883963,78.87585,17.648487,2.1705992,1007.00543,1011.0071,411.62787,242.31837,8.125126,26.74986,27.65074,25.949018,-6.644104,4.2461967
2019-10-01,68.731026,5.436099,79.26819,17.769308,1.9033562,1007.613,1011.57416,410.72543,272.9437,7.0809298,26.772318,27.679102,25.940746,-5.5077505,3.9847283
2019-11-01,66.51507,4.06059,81.52974,18.416445,4.8538637,1007.098,1011.0426,416.42703,252.58603,5.41382,26.888681,27.696106,26.136442,-4.4717035,1.8991776
2019-12-01,66.49651,3.462153,81.46016,18.520893,3.757972,1005.0682,1009.1887,414.55624,271.18817,4.15029,26.930897,27.779642,26.126417,-2.029407,1.2310952
2020-01-01,74.44947,4.315457,85.34892,19.360874,12.51597,1002.5904,1006.8737,431.1965,191.22887,5.2648478,26.821218,27.557352,26.185337,3.2221029,-0.18859503
2020-02-01,76.16028,5.194583,86.313545,19.35169,17.966146,1003.3214,1007.5671,434.54056,160.97237,6.0556383,26.641726,27.467257,25.931942,4.625185,-0.96944106
2020-03-01,69.04761,3.726935,83.077255,18.874577,9.959678,1005.45624,1009.66956,422.30792,222.8452,4.2442007,26.906843,27.701761,26.206474,3.032662,-0.18756707
2020-04-01,63.77482,3.4204483,80.417,18.841108,4.992439,1005.9212,1010.0146,415.055,249.43965,3.6741743,27.435389,28.279985,26.637655,-0.5043956,0.11686938
2020-05-01,71.18426,4.63,84.658104,19.130024,10.772067,1006.4369,1010.5857,427.94183,168.438,5.105257,26.832333,27.582064,26.180658,-3.9222255,1.1059518
2020-06-01,77.7911,6.38974,85.296135,19.238031,18.680613,1006.0293,1010.273,434.6894,118.06741,8.155046,26.80179,27.582598,26.154,-6.8739038,3.206487
2020-07-01,73.13307,6.3454123,82.67541,18.1912,5.9535003,1006.93774,1011.1159,418.59387,174.92673,7.8817563,26.405867,27.165594,25.730537,-6.299913,4.107042
2020-08-01,66.363914,6.177032,79.50475,17.456154,1.389061,1006.61505,1010.79,404.4264,239.80013,7.7616825,26.372557,27.153852,25.654114,-6.382238,3.944293
2020-09-01,66.3171,5.859348,77.64278,17.220327,0.88361037,1007.8554,1011.8431,401.89978,273.0233,7.6809053,26.630232,27.500614,25.833471,-6.065424,4.273736
2020-10-01,64.50112,5.3535633,78.531975,17.40248,1.2286736,1007.88477,1011.8158,403.3805,288.71375,7.2169046,26.62655,27.525215,25.813038,-5.987883,3.385174
2020-11-01,59.578983,4.568874,78.89513,17.81055,2.4819102,1007.50964,1011.47534,405.80365,285.45065,6.307776,26.919832,27.798365,26.114521,-5.250298,2.7709239
2020-12-01,64.18944,3.9234185,80.86479,18.45526,3.1604755,1006.4034,1010.4205,414.0594,268.44855,5.406703,27.048246,27.905474,26.25805,-3.521314,2.0695865
2021-01-01,65.25867,3.7193325,81.34604,18.261719,5.4808874,1005.97955,1010.18915,414.8866,258.97952,3.9093294,26.70225,27.472288,26.004433,0.59164363,0.914587
2021-02-01,67.448586,4.3089023,83.70467,19.118307,9.905276,1005.4705,1009.692,423.98184,220.89235,4.5797668,26.985107,27.735193,26.322424,1.2320064,0.027692895
2021-03-01,63.886024,3.3975742,81.719154,19.017717,6.71361,1005.97034,1010.16046,420.1822,244.62216,3.3974426,27.312809,28.087004,26.629078,1.023534,-0.038089447
2021-04-01,63.1725,3.2734563,79.90041,18.572723,6.2327094,1007.25385,1011.38086,415.45557,236.26862,3.28049,27.322062,28.062717,26.629696,0.07940664,-0.14823143
2021-05-01,61.0189,4.205747,81.96667,18.848871,6.5887246,1007.36127,1011.57227,416.99252,212.26826,4.6017184,27.15343,27.977406,26.392818,-4.041049,0.8875558
2021-06-01,71.86225,6.1546307,83.24026,19.031393,9.237777,1006.5537,1010.70325,425.6003,159.99239,7.4235635,27.032482,27.82391,26.342945,-6.3356857,3.3022575
2021-07-01,72.664665,5.8512692,83.19017,18.514809,8.624661,1007.07153,1011.3864,421.76337,166.8736,7.350371,26.6033,27.39747,25.90732,-6.333516,2.9789019
2021-08-01,71.587616,5.4323444,81.805565,18.205431,3.9895396,1006.7707,1011.0049,417.37946,208.01334,7.096114,26.606264,27.420088,25.869991,-5.758279,3.6871216
2021-09-01,65.59876,6.523505,77.11702,17.264015,1.1304867,1007.6598,1011.70087,402.16306,271.89923,7.9263964,26.769886,27.691566,25.92591,-6.311546,4.3065157
2021-10-01,67.989006,5.2146883,80.022354,17.990185,3.0937245,1008.3469,1012.3281,412.65268,261.58932,7.073564,26.822216,27.675354,26.026571,-6.0764575,3.0088828
2021-11-01,61.547443,4.4980474,79.627304,17.99803,3.9906123,1007.17145,1011.1351,410.26355,264.25183,5.831633,26.91615,27.754084,26.147526,-5.0886416,2.0639398
2021-12-01,63.41722,3.665773,81.25954,18.477228,4.2773294,1005.7138,1009.83307,415.8013,258.17953,4.5418406,26.965609,27.75613,26.245869,-1.7831664,1.4939929
2022-01-01,72.30067,3.9114416,84.43141,19.257593,9.811764,1003.53595,1007.67004,427.2519,213.61765,4.463964,26.920235,27.650995,26.271976,2.244049,0.1968998
2022-02-01,67.040115,4.3467817,83.02137,19.08861,11.087899,1004.5924,1008.72516,424.67828,216.86469,4.5737357,27.081352,27.853342,26.40816,2.1900227,0.23133676
2022-03-01,69.03641,3.3302486,83.6361,19.378857,8.791349,1004.95355,1009.2463,426.66678,222.09906,3.4891746,27.21964,27.978922,26.502674,0.6621844,-0.055025253
2022-04-01,68.71711,3.2621343,83.03338,19.44634,7.089836,1006.121,1010.2811,425.39313,220.50148,3.3894525,27.419628,28.218142,26.67033,-1.9970349,0.32270977
2022-05-01,74.833885,4.538454,85.11232,19.696583,11.761515,1005.69727,1009.93823,432.90726,158.57875,5.015617,27.212488,28.000538,26.540918,-3.8148072,1.5248786
2022-06-01,73.3155,6.05272,84.06766,19.246744,12.840541,1005.9655,1010.2076,428.5269,143.19037,7.087767,27.036299,27.820824,26.356485,-5.7931566,2.685747
2022-07-01,72.17357,6.5259542,81.39584,18.49228,6.4752707,1006.6025,1010.79407,418.29498,182.39873,7.7653766,26.937586,27.75392,26.193823,-6.146561,4.130688
2022-08-01,68.35314,5.7115173,81.20686,18.091969,4.83884,1006.8487,1010.9621,412.65094,215.22348,6.9235787,26.621956,27.438822,25.895773,-4.9928827,3.962025
2022-09-01,67.89571,6.02023,78.12313,17.917164,1.4416988,1008.2416,1012.2693,410.1639,259.41074,7.7022977,27.166687,28.050257,26.358263,-6.177424,4.181799
2022-10-01,57.496296,5.5512547,77.308235,17.934134,1.7103108,1008.2214,1012.2415,406.99908,284.36572,7.239273,27.366846,28.263111,26.519497,-6.3784776,2.830665
2022-11-01,61.464714,4.6617494,79.23512,18.37618,3.6204789,1007.1438,1011.2508,413.12448,266.64517,6.0935755,27.341581,28.219597,26.495129,-5.425444,1.8840414
2022-12-01,61.74934,3.8387198,81.52834,19.069817,5.5103974,1006.3945,1010.5832,420.29138,251.59003,4.8658605,27.465128,28.367277,26.647135,-4.1815143,1.3114066
2023-01-01,65.466644,3.8393202,82.326004,19.196716,8.179657,1005.4935,1009.721,421.92294,246.68585,3.9056168,27.344973,28.122591,26.627022,0.5659635,0.000112473965
2023-02-01,64.74338,4.3303227,80.79157,19.05504,9.044976,1006.0457,1010.3664,421.1837,238.76201,4.239513,27.539026,28.363924,26.792448,1.2589515,0.06366483
2023-03-01,51.16868,3.5855515,79.295204,19.202242,4.2389565,1006.29663,1010.38336,416.3964,271.96173,3.6806285,27.977137,28.819067,27.186686,-1.2666297,0.20366955
2023-04-01,66.667534,3.7598305,83.68952,19.94803,8.0311575,1006.5001,1010.7076,429.14026,214.09718,4.1786504,27.73286,28.58272,26.958426,-3.5181892,0.016289338
2023-05-01,65.78955,4.8902926,82.09616,19.254189,6.078325,1007.6424,1012.0251,423.14545,201.58415,5.461575,27.493853,28.364466,26.686535,-4.184711,1.5711999
2023-06-01,69.83878,6.8680625,80.82874,18.949175,6.1612873,1005.1605,1009.35443,422.79575,175.24586,8.467086,27.44063,28.341125,26.626299,-7.2852263,3.8289652
2023-07-01,66.993935,7.150479,78.360275,17.590425,1.8601582,1006.89276,1011.10645,404.433,219.53769,8.755651,26.756592,27.681194,25.931469,-7.1392465,4.6870236
2023-08-01,65.762726,6.3263254,77.93777,16.886303,0.9697301,1008.3321,1012.41797,398.78674,248.59946,8.268547,26.233122,27.147255,25.409088,-6.4207835,4.634634
2023-09-01,67.457756,4.9420514,77.620316,17.045752,0.8622708,1008.40076,1012.4314,400.59964,271.5555,7.252379,26.511274,27.430403,25.654327,-6.013213,3.5053809
2023-10-01,61.514915,5.0523205,76.79823,17.120579,0.665735,1007.7503,1011.6015,398.2997,302.4078,7.118578,26.748598,27.641508,25.905241,-5.976701,3.2676706
2023-11-01,61.0398,4.4798527,78.36162,17.677092,1.5947901,1008.2064,1012.1684,405.0244,288.79413,6.500916,26.952274,27.85074,26.087,-5.4781966,2.730398
2023-12-01,56.988445,3.6303253,79.647705,18.186144,1.9221561,1007.1505,1011.04565,408.48947,288.306,5.0264807,27.080229,27.957804,26.237011,-3.7997773,1.9924475
2024-01-01,67.42659,3.71539,83.56374,18.857399,6.181082,1005.08984,1009.2379,420.93735,245.99413,4.220401,26.777988,27.521696,26.0894,0.8761844,0.73816943
2024-02-01,65.23156,4.0500484,81.331795,18.91284,7.8045964,1005.0782,1009.3031,420.34808,239.36661,4.2054176,27.273952,28.050701,26.563137,2.5064826,0.14432353
2024-03-01,63.258987,2.8477101,82.40554,19.358274,5.7933173,1006.0223,1010.2462,422.44568,250.08109,3.0342047,27.459953,28.22282,26.716015,-0.22683856,0.08162604
2024-04-01,66.81899,3.433948,83.234406,19.415783,7.9225864,1006.47797,1010.7102,425.2198,212.84752,3.496202,27.35512,28.116293,26.663736,-1.5082926,0.1856317
2024-05-01,67.06477,4.575332,81.441826,19.133263,5.896935,1006.7699,1010.9798,418.39084,208.90715,4.907563,27.483746,28.265387,26.75559,-3.8741832,1.705549
2024-06-01,68.72341,6.75114,79.059395,18.798853,3.2953558,1007.18207,1011.26984,417.55026,192.27718,7.9528413,27.706831,28.5906,26.895613,-6.9275656,3.5846846
2024-07-01,70.869415,6.8282957,80.60148,18.410717,3.7687814,1005.7562,1010.05865,417.8076,188.91707,8.480667,26.999928,27.755884,26.32343,-7.0742974,4.2484565
2024-08-01,66.91677,6.635817,77.96797,17.464687,0.8074369,1006.6015,1010.7578,403.71405,247.1716,8.3397045,26.728605,27.630241,25.941984,-6.5378976,4.659805
2024-09-01,69.03329,5.5320816,79.38509,17.769287,1.6561852,1007.1754,1011.2891,410.8831,258.12662,7.666929,26.750174,27.613037,25.98526,-6.2319093,3.9730108
2024-10-01,65.518036,5.1594806,78.351,17.949194,1.4295349,1007.80756,1011.75323,407.27036,286.4847,7.03438,27.155489,28.025854,26.337986,-5.8424582,3.322199
2024-11-01,69.844795,4.9903727,81.56604,18.660215,7.909851,1006.75195,1010.818,421.24615,226.90298,6.5851593,27.10835,27.972273,26.336845,-5.7702775,2.4121406
2024-12-01,66.91677,3.3419464,82.5002,18.815592,5.5324216,1005.4137,1009.4308,420.74557,245.20387,4.0517316,27.000265,27.812874,26.263899,-2.368697,1.0686972
2025-01-01,70.38309,4.270804,82.64318,19.057596,8.663092,1004.5469,1008.724,423.52478,229.79034,4.3691125,27.125143,27.888857,26.421627,0.8784277,0.7749126
2025-02-01,67.2928,4.6987486,81.992805,19.330986,7.9713,1004.15295,1008.3829,425.14444,232.7592,4.739622,27.495495,28.386993,26.71562,1.6402926,0.24943294
2025-03-01,63.422432,3.2201123,81.01763,19.17507,5.7368026,1005.30505,1009.47375,421.5408,252.77197,3.2482045,27.58445,28.400553,26.787655,-0.6738346,-0.04804379
2025-04-01,54.896236,2.9250488,79.792206,18.821478,3.497829,1006.0452,1010.1214,414.24377,257.67255,2.8236654,27.540699,28.324602,26.763872,-1.1101582,-0.25074285
2025-05-01,69.02278,4.7778163,82.45503,19.281044,8.797396,1005.08826,1009.2783,425.66376,185.24934,5.2851152,27.389801,28.223318,26.641499,-3.0783381,0.76611304
2025-06-01,72.87476,6.640599,83.249504,19.136522,7.37531,1006.69556,1010.89465,426.07733,164.46367,7.856668,27.119991,27.930979,26.412252,-6.6268916,3.418669
2025-07-01,73.01418,6.7776313,81.89218,18.488392,7.9840045,1006.28107,1010.54034,418.34,176.64,8.208971,26.824799,27.61067,26.117277,-6.484447,4.3254485
2025-08-01,68.335655,6.13006,78.163376,17.695988,0.92506444,1007.3602,1011.48364,407.66934,238.88316,7.881551,26.921398,27.754595,26.1738,-6.1786346,4.4963856
2025-09-01,67.443344,5.867384,77.31417,17.29753,0.9370359,1007.4866,1011.5202,403.3331,268.48538,7.683352,26.77338,27.659294,25.972082,-6.100339,4.1444607
2025-10-01,63.515743,4.7319903,79.54116,18.05579,2.0003972,1008.33844,1012.29083,409.43393,278.95724,7.026438,27.019775,27.889347,26.220171,-6.097598,2.8639271
2025-11-01,63.05637,4.140399,79.408195,18.142553,2.555495,1006.7371,1010.6044,407.7446,283.24698,5.6430187,27.09035,27.927588,26.306755,-4.550562,2.3201594
2025-12-01,66.96011,3.4257097,81.75811,18.494848,3.0162225,1006.3858,1010.49335,416.16797,269.55423,4.120507,26.84848,27.608486,26.120562,-1.0824205,1.3980771
2026-01-01,66.05566,3.8856988,80.830696,18.785343,5.384486,1004.1889,1008.2345,417.1903,257.60242,4.114282,27.257917,28.092602,26.498589,1.037376,0.6107485
2026-02-01,64.422554,3.7697814,81.048294,19.056108,8.187061,1005.0712,1009.42596,420.76642,244.3156,3.709021,27.474926,28.250208,26.79456,1.6159619,-0.0013829389999999
2026-03-01,64.15069,3.457444,82.72548,19.527035,8.482978,1005.456,1009.633,426.58792,229.89809,3.5263734,27.54453,28.370756,26.805822,0.55715567,0.2527006
2026-04-01,69.15272,3.0701647,83.70945,19.616985,7.8580375,1005.38806,1009.637,426.86624,215.07039,3.2430146,27.408712,28.109676,26.772688,-0.5245406,-0.35804537
2026-05-01,69.89143,5.400933,83.54766,19.396845,8.842733,1006.41223,1010.7665,426.4139,183.93686,5.9345937,27.278862,28.068508,26.57795,-4.3038573,1.9905523
2026-06-01,73.369286,6.352705,82.38186,19.08744,6.9562902,1006.25134,1010.5697,425.89706,165.32687,7.6720743,27.249683,28.067999,26.531733,-6.2441144,3.9112089
2026-07-01,69.58946,7.3846536,79.11533,18.07839,4.3541336,1006.4105,1010.59283,412.15332,195.47166,8.843021,27.038147,27.904993,26.245134,-7.4174523,4.187157
2026-08-01,68.09387,6.271564,77.82969,17.5384,1.1152674,1007.38763,1011.38354,405.84958,241.2954,8.108411,26.85741,27.759083,26.055967,-6.644983,4.0876727
2026-09-01,63.063675,6.5255823,75.18718,16.982328,0.90559286,1008.30316,1012.39136,396.98605,281.07047,8.363153,26.927681,27.823938,26.09795,-7.107016,3.8829525
2026-10-01,61.432613,4.993854,76.93092,17.260183,0.7252398,1008.48645,1012.3124,399.98947,298.8682,6.8533106,26.861673,27.787687,26.015491,-5.705699,3.1209898
2026-11-01,60.501247,4.7530684,78.55096,17.787922,2.0233622,1008.1885,1012.102,407.34482,287.9585,6.3535476,26.993298,27.897749,26.144947,-5.3245883,2.636598
2026-12-01,62.329483,3.2838705,80.30112,18.394138,2.8658216,1006.7891,1010.832,411.72278,276.7081,4.1776204,27.1058,27.916643,26.334452,-3.0763144,1.30056
2027-01-01,62.60212,4.2048383,79.907936,18.631466,6.129083,1005.81067,1010.03546,413.81635,261.57404,4.350458,27.332907,28.093864,26.631987,2.2015467,0.15089653
2027-02-01,65.30078,4.3392315,80.45484,18.931103,8.503648,1006.7771,1010.8781,421.1748,236.22365,4.4111857,27.505228,28.306156,26.798004,3.253592,-0.4712663
2027-03-01,66.00722,3.4582136,83.68185,20.067514,8.550837,1005.7179,1009.9353,429.79776,228.0969,3.9403849,27.80369,28.625147,27.074251,1.93742,-0.49250954
2027-04-01,63.06592,3.1618063,81.20454,19.529234,4.9882607,1006.6054,1010.849,422.9487,241.10048,3.2333593,27.87575,28.663054,27.103588,-1.1132228,0.07459883
2027-05-01,71.71629,4.057127,85.10452,19.909191,10.827402,1005.5514,1009.89124,431.4157,177.90263,4.4683475,27.389696,28.157742,26.715282,-3.127988,1.2853029
2027-06-01,77.9522,6.416264,85.27403,19.571789,15.354944,1005.3319,1009.45447,434.04352,127.76034,7.5905604,27.04373,27.743923,26.44956,-5.3625307,3.7972186
2027-07-01,74.29322,6.8312984,82.38438,18.629972,9.074011,1005.60114,1009.91974,422.87247,160.84589,8.364804,26.842752,27.626587,26.159014,-6.8907275,4.302748
2027-08-01,69.49824,6.7081213,78.98115,17.901464,2.0360305,1006.63324,1010.82404,411.54483,225.63869,8.399912,26.921356,27.793957,26.124647,-6.9904275,4.1790423
2027-09-01,66.95228,6.290397,75.96081,17.271362,1.1274936,1006.7657,1010.76355,401.13214,270.52505,7.805664,27.036999,27.984518,26.174917,-6.318211,4.103859
2027-10-01,59.449814,5.938201,74.92749,17.194647,0.81191427,1007.73376,1011.5409,397.60696,300.0078,7.4702334,27.21499,28.142689,26.339603,-6.4073486,3.3295054
2027-11-01,58.528927,4.643739,78.93185,18.012117,2.7745943,1006.6318,1010.47003,405.87637,284.79062,6.0758896,27.060978,27.94937,26.221712,-5.0841045,2.3244789
2027-12-01,64.03543,3.7767358,80.005226,18.377449,2.7291787,1005.168,1009.11743,410.47803,280.5721,4.8446674,27.12712,27.9898,26.313932,-3.1123824,1.6975087
2028-01-01,65.251335,4.1247673,79.186005,18.147356,6.2479568,1004.1751,1008.42444,411.56702,252.55031,4.163631,27.014482,27.760365,26.338312,1.8546181,0.025698056
2028-02-01,70.17883,4.010136,82.169914,19.205467,9.769019,1003.61804,1007.85,424.69803,221.52582,4.249117,27.3401,28.098034,26.652222,2.1350393,-0.16873115
2028-03-01,72.10659,4.0109262,83.39949,19.597666,11.291209,1004.0841,1008.2902,430.47867,198.77255,4.5254283,27.443241,28.246914,26.707552,2.7391908,-0.8493957
2028-04-01,67.484024,3.9165494,83.09853,19.419733,8.514546,1005.27405,1009.42865,426.09537,207.81406,4.1764483,27.37342,28.196207,26.62309,-2.2334516,0.60137826
2028-05-01,74.23518,6.7026315,83.73473,19.69852,13.711219,1004.21027,1008.48413,431.7459,155.32098,7.571334,27.467691,28.292347,26.75044,-5.7599196,3.5606568
2028-06-01,76.55505,7.245309,82.824356,19.088135,12.178025,1004.16284,1008.4248,430.13034,138.90404,8.653067,27.138819,28.044495,26.34101,-7.058238,4.200274
2028-07-01,75.83358,7.1908855,81.97603,18.54072,11.086851,1005.7935,1010.04816,424.4813,153.04189,9.179239,26.861752,27.720304,26.097828,-7.482301,4.047883
2028-08-01,75.1444,6.275021,81.078804,18.095482,3.4402044,1006.8946,1011.07245,418.2791,202.67725,8.240083,26.654158,27.433195,25.936531,-6.4967313,4.66082
2028-09-01,71.19277,5.781929,80.28045,17.888979,1.8425525,1006.8254,1010.9557,414.80276,246.62428,7.689055,26.652475,27.451464,25.942568,-5.799111,4.6218214
2028-10-01,65.5536,5.3266597,79.72681,17.981192,3.7315166,1007.2444,1011.1532,408.67773,273.33307,6.574187,26.854338,27.714104,26.049995,-4.8398314,3.8208227
2028-11-01,63.89208,4.5579295,80.5689,18.427742,3.8985684,1006.11066,1010.1101,413.11337,271.63092,5.7423124,27.061205,27.867228,26.32332,-4.348486,2.7275553
2028-12-01,68.23064,4.3178916,82.06309,18.651264,8.743912,1004.83734,1008.9427,420.59415,226.08171,4.734748,26.917196,27.711985,26.1942,-0.20044838,1.7714232
2029-01-01,71.85824,4.108444,84.347244,19.266819,8.865805,1003.9434,1008.1622,427.78262,218.83344,4.5114985,26.956766,27.713037,26.28246,1.5009419,0.57503235
2029-02-01,73.72431,4.4831996,85.12744,19.476072,14.400707,1003.54895,1007.8161,433.0386,179.30708,4.895292,26.981014,27.716692,26.350836,3.2612793,-0.3225198
2029-03-01,65.90665,3.0433657,81.65043,18.876165,6.9350133,1005.1204,1009.2724,419.78677,243.98859,3.2504268,27.18887,27.96064,26.451473,0.06749495,0.005010227
2029-04-01,60.656136,3.6720548,79.72619,18.681145,3.7004364,1005.0988,1009.2254,413.72107,249.43275,3.9440613,27.42248,28.272465,26.612865,-0.073137686,0.36702296
2029-05-01,71.58028,5.506203,83.685524,19.254889,10.108633,1004.73737,1008.9401,426.34836,169.47334,6.3612285,27.102095,27.853804,26.456081,-5.045668,2.8808975
2029-06-01,70.79908,7.2527213,80.28697,18.38366,7.019334,1006.641,1010.7765,417.61615,174.0987,8.274368,27.06816,27.882284,26.315182,-6.7435927,3.8780427
2029-07-01,74.2533,5.812078,83.293,18.45172,9.504782,1006.315,1010.5654,421.976,160.39691,7.580069,26.510893,27.302624,25.797493,-6.280232,3.3767729
2029-08-01,66.516106,6.741695,77.93432,17.312801,1.2732127,1007.8175,1011.90894,401.37503,244.49275,8.256911,26.599854,27.44798,25.820568,-6.932738,4.0759883
2029-09-01,65.963844,5.7629056,77.397285,17.28809,1.3004,1007.8905,1011.94415,402.34793,269.29953,7.983149,26.752306,27.672115,25.915676,-6.8343387,3.6419
2029-10-01,61.613777,5.1791086,76.581276,17.137156,1.0866672,1008.41406,1012.36035,395.27972,301.10098,6.995387,26.791912,27.679113,25.961885,-6.192345,2.5879748
2029-11-01,59.211216,4.1061387,79.05185,17.730696,1.6235787,1007.2829,1011.156,401.83023,299.924,5.923903,26.80353,27.680944,25.995232,-5.043512,2.187863
2029-12-01,63.574707,3.4182537,80.51802,18.306984,2.3692975,1005.89453,1009.9603,411.2135,282.5057,4.8947306,26.97782,27.824726,26.1743,-3.7447932,1.6284966
2030-01-01,69.72796,3.8498597,83.30874,18.77314,8.385571,1003.72925,1008.01263,422.8504,220.88632,4.4420524,26.738403,27.472889,26.08796,2.7733579,-0.19716972
2030-02-01,61.505074,3.471961,79.75078,18.537754,6.9974275,1005.3803,1009.5393,415.04532,261.1087,3.4589899,27.28415,28.0908,26.55453,0.7526757,-0.0126120059999999
2030-03-01,69.778145,3.847617,83.78011,19.664072,10.221652,1004.8853,1009.1865,430.40555,204.06789,4.2368846,27.43911,28.246227,26.731161,3.2141144,-1.234343
2030-04-01,65.35212,4.151295,81.26111,19.045298,6.9684954,1006.5765,1010.7888,421.16864,219.88501,4.1725082,27.44891,28.226513,26.735176,-1.2431651,0.4661832
2030-05-01,71.211136,4.7801747,84.660934,19.601696,9.079302,1005.4108,1009.6388,429.29504,174.7815,5.4167557,27.215803,28.025084,26.507471,-3.9932547,1.8577188
2030-06-01,73.12625,6.026791,83.428825,19.134947,11.358922,1005.98694,1010.1215,425.50998,156.98412,7.477053,27.0684,27.837517,26.402897,-5.587154,3.5835812
2030-07-01,72.300095,6.692317,80.62864,18.094917,2.2384055,1005.9843,1010.2341,414.49698,201.26128,8.328113,26.717402,27.491537,26.038136,-6.4007235,5.018798
2030-08-01,71.52909,6.3807726,79.62547,17.767189,2.790467,1007.274,1011.4592,413.65488,215.90773,8.638894,26.667969,27.49707,25.907135,-7.10939,4.481525
2030-09-01,72.9928,5.7983418,82.16952,18.15231,4.905922,1007.32404,1011.43835,418.32465,219.23601,8.379759,26.49576,27.265608,25.788984,-6.901016,4.2147465
2030-10-01,63.90581,4.552247,82.32187,18.221382,3.9591866,1007.44977,1011.4213,417.13867,250.96666,6.5253797,26.522017,27.321514,25.789583,-5.526668,2.9082797
2030-11-01,64.723656,4.00991,82.15067,18.466036,3.2987325,1007.279,1011.1735,415.43234,269.25192,5.177838,26.76781,27.575823,26.00923,-3.7127671,2.4270756
2030-12-01,69.94313,3.9117203,83.34903,18.732412,5.3333,1005.7711,1009.78925,421.00885,241.833,4.59975,26.727816,27.483065,26.034883,-0.92226803,1.5449044
2031-01-01,67.13672,3.9688394,81.30003,18.662685,7.1289434,1004.3556,1008.4827,417.77316,241.739,4.057252,27.044535,27.827179,26.315695,1.4679201,0.529636
2031-02-01,67.94775,4.202727,82.12879,19.17489,7.1028643,1004.46716,1008.65265,421.41977,248.13087,4.337957,27.335104,28.145666,26.603361,0.75201577,0.8688064
2031-03-01,62.967873,3.6024375,82.27258,19.283724,6.8039155,1006.24023,1010.45154,423.24344,241.93834,3.644419,27.438627,28.274202,26.670353,-0.21025139,0.5443706
2031-04-01,63.4732,4.7414966,81.202614,19.455349,7.290544,1006.1099,1010.28253,424.4323,225.35478,4.844958,27.828117,28.725548,27.002825,-4.219497,1.1202672
2031-05-01,74.017265,4.86123,86.1153,20.173557,12.679759,1004.324,1008.46356,436.72412,154.41853,5.770629,27.385283,28.1702,26.740091,-4.664935,1.896589
2031-06-01,74.06909,6.648012,83.12686,19.15505,10.682873,1005.42676,1009.76556,427.1122,150.93246,7.804582,27.137074,27.935217,26.432198,-6.0589795,3.7137396
2031-07-01,75.43822,5.9798117,83.37055,18.780571,8.974863,1005.8827,1010.11444,425.58936,161.26433,7.6207643,26.776182,27.550379,26.086235,-6.1962743,3.5701714
2031-08-01,73.59434,6.848633,81.10179,18.36087,5.785772,1006.95856,1011.09656,421.11954,189.62901,8.908372,26.897924,27.71115,26.192472,-7.3751893,4.5801034
2031-09-01,70.83728,5.421881,80.43533,18.09256,2.1619608,1007.6189,1011.7191,413.94693,248.51326,7.23747,26.812313,27.626673,26.070219,-5.7908015,3.792659
2031-10-01,64.516205,5.092615,80.17186,18.251516,2.2330904,1007.2058,1011.2011,411.89813,275.71466,7.050408,27.019157,27.86713,26.23232,-5.8641076,3.3540251
2031-11-01,64.64728,4.679216,79.64723,18.374653,3.0172617,1006.215,1010.1266,412.8126,275.98193,6.2779408,27.248596,28.11043,26.457552,-5.192587,2.7145333
2031-12-01,62.56072,3.408294,80.52139,18.540628,2.5457754,1005.93005,1009.97107,411.44928,283.4404,4.179829,27.165503,27.981762,26.387665,-2.0991967,1.6589558
2032-01-01,64.20948,3.129001,82.31371,18.941244,5.8769774,1005.0677,1009.2572,420.88583,249.80884,3.3810554,27.099491,27.823238,26.439037,0.8787355,0.2916933
2032-02-01,70.29921,4.4205303,84.978935,20.028055,12.33977,1003.8899,1008.0608,433.14813,202.65768,5.151812,27.474401,28.275509,26.79248,3.8259292,-0.5979125
2032-03-01,65.39356,2.8826497,82.73312,19.575897,6.868179,1005.4906,1009.7409,424.69473,248.69278,3.1401713,27.572786,28.348913,26.83736,1.0360268,-0.4265846
2032-04-01,63.551224,3.142068,80.89382,19.309082,5.153335,1005.6906,1009.86676,420.84802,242.1341,3.3281353,27.725313,28.538286,26.957024,-0.04952721,-0.08647957
2032-05-01,69.57153,4.9560456,81.242966,19.266897,6.0992436,1006.5927,1010.6833,423.45953,202.39781,5.276725,27.656267,28.504711,26.868204,-3.8211336,1.3674812
2032-06-01,66.990974,7.705198,77.338936,18.367876,2.1314914,1006.7822,1010.99146,411.31326,207.44798,8.58176,27.683437,28.586498,26.854021,-6.976932,4.6801496
2032-07-01,68.91641,6.238586,80.31116,17.911228,2.2985673,1006.8388,1010.9378,411.0121,205.08359,7.519978,26.62811,27.400774,25.931501,-5.8647757,4.091644
2032-08-01,69.00835,5.8165565,78.76707,17.53071,0.90369314,1008.2621,1012.3443,406.52374,241.52188,7.739383,26.650751,27.501123,25.893696,-6.109633,4.3078647
2032-09-01,65.55593,5.5117826,76.4051,17.025156,0.6796166,1009.4931,1013.4284,399.41708,280.15662,7.293315,26.765524,27.678902,25.928411,-5.780875,3.9004447
2032-10-01,58.906128,5.0362463,76.706635,17.266943,0.7621142,1009.34753,1013.2363,396.53503,308.91,6.8718457,26.93938,27.854816,26.067232,-5.8439093,2.9043467
2032-11-01,56.746452,4.0478587,79.21087,18.03942,1.491763,1007.914,1011.80817,405.93445,296.9482,5.836718,27.07656,27.979866,26.223225,-4.8103695,2.3769748
2032-12-01,64.76907,3.3658092,81.17747,18.351435,2.0925875,1006.78723,1010.82404,411.95795,281.74503,4.234866,26.85295,27.62943,26.108187,-2.2915752,1.9194258
2033-01-01,69.520676,3.5185096,84.473404,19.420937,7.517796,1005.763,1009.95123,426.8998,232.49861,4.3851295,27.096142,27.864283,26.412872,-0.8233092,1.0794711
2033-02-01,59.895634,3.363999,80.01503,18.979116,5.9359183,1006.00195,1010.2224,417.43524,265.5049,3.4181964,27.620344,28.390032,26.911226,0.905829,0.29784498
2033-03-01,67.56687,3.3588762,83.01513,19.85825,7.961785,1006.2143,1010.4722,429.34308,227.84833,3.5146043,27.76768,28.569267,27.018106,1.3463461,-0.4103335
2033-04-01,58.03442,3.098894,81.06676,19.539616,5.125766,1006.6952,1010.9853,422.0823,244.22221,3.054772,27.905535,28.64716,27.193825,-1.6918999,-0.17190291
2033-05-01,62.237816,4.026565,82.40878,19.688808,5.7218156,1005.8139,1010.1331,424.03635,207.94356,4.1966147,27.740368,28.485617,27.034857,-2.5936065,1.0790733
2033-06-01,72.773125,6.25939,82.46261,19.596966,7.424489,1005.94336,1010.0875,429.21622,163.9773,7.4262805,27.662052,28.494474,26.907988,-6.451581,3.1755323
2033-07-01,70.83528,6.533889,81.7446,18.751081,9.1393585,1005.5678,1009.8988,421.01718,178.39459,8.060179,27.077393,27.879505,26.357128,-6.4572973,4.1040998
2033-08-01,69.78711,6.590193,80.514786,18.168152,1.894443,1006.635,1010.70807,414.51093,225.26604,8.279871,26.83004,27.61936,26.134619,-6.634873,4.49187
2033-09-01,66.888115,5.8686695,78.33398,17.783026,0.9456314,1007.8231,1011.84937,408.64642,265.7454,7.6108985,26.989008,27.85493,26.193867,-6.215976,3.8899543
2033-10-01,68.28835,5.3913574,79.82895,18.279804,2.8240564,1007.48663,1011.4605,413.07718,268.8227,7.2562437,27.12752,27.967989,26.358574,-5.9470763,3.5074258
2033-11-01,67.526344,4.368018,82.065445,18.788507,4.7548046,1007.2504,1011.2353,420.13858,253.46902,5.855534,27.117718,27.922096,26.396273,-4.84188,2.5308259
2033-12-01,65.852196,3.5701394,82.107086,18.985205,3.6820204,1005.29034,1009.4262,422.97958,250.85017,4.760799,27.240004,28.001457,26.544321,-3.2804883,2.0342312
2034-01-01,69.329575,4.0099773,83.61556,19.325796,7.446502,1003.89386,1008.1028,426.6757,229.60637,4.3280897,27.148233,27.90165,26.456186,0.70086503,1.0307162
2034-02-01,66.91643,5.0268693,81.76367,19.286264,10.267736,1004.1924,1008.4202,423.65918,231.54811,4.898039,27.484928,28.272266,26.794897,1.9461741,0.83517534
2034-03-01,63.772198,2.993757,81.69297,19.707613,6.2607737,1006.47656,1010.49536,423.64752,257.27844,3.1796799,27.916386,28.717794,27.181421,-1.2446697,-0.013314922
2034-04-01,67.32041,3.7439158,83.16016,19.823404,7.72572,1005.9655,1010.1612,428.76215,216.49503,3.8239357,27.710304,28.536482,26.963099,-1.2351947,0.13593413
2034-05-01,74.332375,4.807556,85.38248,20.031141,15.07233,1006.4844,1010.79663,436.452,151.21944,5.5280704,27.453136,28.27698,26.752905,-4.137078,1.5138879
2034-06-01,74.30198,6.929837,82.107445,19.443115,8.30895,1006.5156,1010.7063,429.14557,157.4582,8.10042,27.613909,28.451666,26.865639,-6.864425,3.7540689
2034-07-01,71.23075,6.540866,83.44077,18.974817,8.196367,1006.9097,1011.1588,423.22302,172.09093,8.015907,26.93695,27.6155,26.337654,-6.482265,3.9236174
2034-08-01,67.283455,6.0175104,80.382225,18.551336,2.2933211,1007.3535,1011.4793,413.53534,234.50887,7.836671,27.216452,28.016724,26.47704,-6.4629316,3.8902469
2034-09-01,67.95183,5.9077682,78.058334,17.964518,1.4647832,1007.984,1012.03394,410.15594,262.61975,7.3939624,27.226336,28.101507,26.43448,-5.56918,4.380063
2034-10-01,64.39038,5.162752,80.42697,18.584846,4.0848722,1007.9662,1012.012,418.45938,253.19919,6.7663116,27.284658,28.116997,26.532452,-5.6639657,2.9941943
2034-11-01,66.80269,4.587296,81.47753,18.950876,5.2523828,1005.8418,1009.92786,420.03104,248.42624,5.8209057,27.340912,28.200521,26.553562,-4.6997013,2.5191183
2034-12-01,66.6536,3.4179072,82.26132,18.975912,6.0290804,1005.9985,1010.1519,422.93918,241.39659,4.0241985,27.185982,27.976213,26.44611,-1.6982845,1.2621592
2035-01-01,71.1121,4.254719,84.64851,19.675652,9.501627,1004.505,1008.7175,430.99307,210.19238,4.681951,27.250254,28.030672,26.561499,3.2408867,0.062402606
2035-02-01,66.74062,3.7586777,82.824486,19.489628,10.146673,1004.7507,1008.9609,426.4034,225.29524,3.845647,27.457523,28.207882,26.783468,1.626331,0.21822903
2035-03-01,63.86174,3.3114443,81.268,19.544735,6.622639,1005.8369,1010.01825,423.23834,247.84454,3.3938913,27.844809,28.620218,27.118927,1.174551,-0.24658623
2035-04-01,62.807514,3.8417528,80.13017,19.452456,4.960686,1006.02734,1010.2746,421.2477,242.3948,3.9439635,28.021416,28.888836,27.227852,-1.1387609,0.5395463
2035-05-01,75.790306,4.7964635,85.66683,20.169014,13.556396,1005.2413,1009.5999,437.26627,151.17911,5.4596934,27.487953,28.288687,26.811848,-4.0756807,2.113217
2035-06-01,73.8462,6.5214143,83.19498,19.513668,11.524005,1005.7696,1009.8944,429.86542,149.29034,7.489015,27.44497,28.287218,26.698687,-5.868069,3.3225133
2035-07-01,69.21347,7.1906343,79.11899,18.53654,3.3441403,1007.0846,1011.3206,416.23245,198.32274,8.445263,27.459742,28.326284,26.660246,-7.054927,4.3163204
2035-08-01,70.60847,6.636594,79.77253,18.169365,4.2104497,1007.68494,1011.87976,415.92862,211.48761,7.996611,26.998486,27.816198,26.252634,-6.3049026,4.3913574
2035-09-01,63.772297,5.6700387,77.10249,17.642147,0.6902233,1008.39935,1012.3547,404.1216,277.33655,6.700389,27.132353,28.038412,26.299313,-5.1738787,3.643133
2035-10-01,61.998928,5.7904296,77.166115,18.113903,1.7301693,1008.1282,1012.1229,408.43903,285.33478,7.3008943,27.579433,28.459982,26.745213,-6.3452144,2.946292
2035-11-01,60.405556,4.30359,79.33326,18.506207,3.4215133,1007.8434,1011.8468,409.875,281.4308,5.4569926,27.445097,28.32763,26.6169,-4.535949,2.1349542
2035-12-01,65.02153,3.6831937,81.06514,19.154247,4.7220016,1006.0398,1010.19446,420.63428,255.12646,4.624784,27.60078,28.466957,26.792078,-3.0568414,1.3347257
2036-01-01,65.59118,3.6568668,81.82517,19.262403,8.457812,1004.5553,1008.867,424.04196,238.84914,3.6416547,27.460835,28.200144,26.791374,1.7041049,0.35785848
2036-02-01,68.82957,5.1364694,83.35732,20.207508,12.28489,1005.47394,1009.79004,433.4538,202.70317,5.6591234,27.980762,28.810427,27.295263,4.701031,-1.1133103
2036-03-01,63.883347,3.3146815,82.15164,19.99981,8.50682,1006.38086,1010.5782,427.47955,242.60016,3.4144137,28.064981,28.839743,27.363201,0.9205747,-0.39090502
2036-04-01,62.16157,3.643915,79.6344,19.639765,5.5939183,1007.13855,1011.3552,422.65817,239.81125,3.4050074,28.293797,29.07272,27.574995,-1.7645187,0.4035897
2036-05-01,67.771385,3.962738,83.79627,20.241339,7.0411296,1005.8232,1010.2009,431.3127,194.55005,4.353826,27.926567,28.710936,27.225166,-1.5562994,0.6999056
2036-06-01,70.72172,7.3920245,81.37149,19.87443,8.878646,1005.0056,1009.29083,429.4042,165.32718,8.479569,28.113234,29.019157,27.307415,-7.236655,3.569003
2036-07-01,71.5396,6.992071,79.34775,18.813782,3.7096522,1007.21576,1011.33673,420.97623,191.13463,8.345889,27.660643,28.540049,26.86493,-6.798161,4.324274
2036-08-01,64.79188,6.4328732,77.32829,18.019958,1.342163,1008.1086,1012.1941,407.7166,244.51688,7.9214697,27.42404,28.3173,26.60002,-6.4905353,4.0775666
2036-09-01,63.54154,5.457758,77.42313,18.10876,1.3920814,1008.12573,1012.17096,406.65768,276.81818,7.266922,27.50273,28.400126,26.671482,-6.031773,3.4837759
2036-10-01,60.345894,5.178121,77.30513,18.262323,1.7577928,1007.2322,1011.20636,408.61215,285.67184,6.584688,27.65633,28.542604,26.826042,-5.7688227,2.3930292
2036-11-01,55.03875,4.721365,78.20474,18.947792,1.7234977,1006.70337,1010.5344,412.35678,296.72998,6.426251,28.082727,29.012398,27.189138,-5.537868,2.279755
2036-12-01,65.14986,4.126221,80.614525,19.52035,4.381524,1005.6849,1009.72815,423.25696,259.00266,5.1558084,28.02788,28.918562,27.184639,-3.9138591,2.1018858
2037-01-01,71.64448,3.8709502,84.76293,20.035583,9.803218,1003.9859,1008.2213,432.34818,217.53842,4.2487197,27.523098,28.278004,26.849073,0.9647168,0.27463278
2037-02-01,65.8601,4.0049295,82.59899,19.672121,9.132255,1005.1597,1009.3344,427.75085,230.89212,4.0401745,27.66856,28.442026,26.987614,2.2685888,0.51660216
2037-03-01,71.62758,3.7418685,84.86362,20.24418,10.299316,1005.7091,1010.10284,434.5673,208.51042,4.13692,27.710855,28.552929,26.960262,1.2811588,-0.41555345
2037-04-01,67.80128,3.9614441,83.339066,20.035889,9.40927,1005.29004,1009.534,431.63388,201.77711,4.191534,27.846489,28.685291,27.091333,-0.9158367,0.061920997
2037-05-01,74.61283,5.63031,85.449554,20.552427,14.168237,1004.2601,1008.5971,439.60464,151.6743,6.295675,27.839384,28.717278,27.127201,-5.3175793,2.2498415
2037-06-01,73.34029,6.067345,83.72431,19.882044,12.201752,1005.9639,1010.029,431.28528,153.5775,6.9856405,27.634365,28.421883,26.933472,-5.1743765,3.3126488
2037-07-01,75.01669,5.6392646,84.53865,19.308546,9.939464,1005.71515,1009.9984,429.7038,153.34993,6.778078,26.98446,27.697485,26.37811,-5.294423,3.0509186
2037-08-01,72.32961,6.220083,80.66082,18.72297,5.4479628,1007.22565,1011.3714,421.78528,200.8625,7.5758624,27.321156,28.157686,26.551704,-5.9898477,4.077269
2037-09-01,69.81041,5.7958274,79.43948,18.646473,4.191518,1008.0809,1012.139,418.824,234.85135,7.4864697,27.549496,28.42391,26.75423,-5.980041,3.9442666
2037-10-01,68.07286,5.6950803,80.038666,18.930586,5.9626102,1007.16754,1011.1934,421.0054,240.65971,7.2929864,27.674337,28.55511,26.887016,-6.3807235,2.8927372
2037-11-01,67.82632,4.2322025,81.95032,19.235497,8.251164,1006.2051,1010.2289,425.40195,229.10553,5.2533355,27.531342,28.43596,26.757288,-4.6127534,1.4010717
2037-12-01,62.826675,3.3968575,80.9618,19.364265,4.0554094,1005.4763,1009.5804,422.51242,259.629,3.9946594,27.798243,28.64285,27.018507,-1.9096392,1.4313986
2038-01-01,70.319695,4.6908174,83.607864,19.565666,11.827714,1003.94855,1008.27765,429.83984,205.34935,4.706586,27.352543,28.101957,26.698494,3.1352043,0.28482333
2038-02-01,74.4211,4.5572085,85.15794,19.80614,15.993471,1004.6029,1008.84247,435.9285,177.80171,5.054487,27.26818,28.047417,26.64545,3.8703582,-0.7358201
2038-03-01,67.96977,3.136628,83.53968,19.837809,6.8512106,1005.80273,1010.0695,427.21533,239.53922,3.4931035,27.636902,28.430897,26.887207,0.8381885,-0.2151515
2038-04-01,64.00614,3.122304,82.40138,19.849272,6.00946,1005.6546,1009.91187,424.4542,237.09128,3.3699784,27.870548,28.606218,27.194714,-0.7733461,0.11260732
2038-05-01,69.71031,5.499305,82.53022,20.083122,6.7387843,1005.7587,1010.112,429.0052,190.49512,6.275718,28.04943,28.864164,27.31311,-5.392335,2.3737414
2038-06-01,69.05884,7.159654,79.59455,18.883886,3.1811042,1007.2418,1011.34106,417.96115,196.68,8.225216,27.659554,28.507072,26.89731,-6.6816745,4.4487886
2038-07-01,65.621124,6.8990107,77.86595,17.97757,1.381163,1007.88696,1012.0299,407.5281,222.86526,8.474432,27.241669,28.139853,26.431448,-7.1159005,4.1819367
2038-08-01,61.64665,5.8009944,76.89969,17.514036,0.85897166,1007.4894,1011.4862,398.98618,258.05258,7.537015,27.040283,27.945894,26.219147,-6.3185697,3.4666536
2038-09-01,61.049095,5.7543225,75.94059,17.310583,0.48717347,1008.4505,1012.3606,398.01447,288.93008,7.759026,27.12328,28.046797,26.276087,-6.5946736,3.470441
2038-10-01,54.381023,4.7643576,77.0975,17.582602,1.1822147,1008.70844,1012.52844,397.36407,307.49713,6.685125,27.12318,28.002237,26.299198,-5.894311,2.4134474
2038-11-01,54.282776,4.7284265,78.04944,18.28059,1.2851906,1008.01074,1011.88367,405.254,302.93378,6.6825128,27.5307,28.38577,26.718508,-6.012242,2.1233428
2038-12-01,63.745064,3.4163454,81.56635,19.007391,4.144615,1007.7224,1011.8609,418.52322,263.1672,4.490728,27.40159,28.25265,26.606775,-3.1647186,1.511181
2039-01-01,65.76578,3.4814122,82.3046,19.586008,6.869934,1005.00037,1009.20154,423.77164,251.0676,3.9135308,27.667473,28.494843,26.898523,-0.8979857,0.64230037
2039-02-01,62.990013,3.130455,83.333626,20.124203,7.4785476,1006.98236,1011.1777,429.14597,241.81659,3.2273839,27.929121,28.663464,27.246496,0.24529487,0.0794157
2039-03-01,58.34356,2.9569087,82.10181,20.35948,5.5907745,1005.78357,1010.00366,429.0065,253.6033,3.1011724,28.35399,29.150269,27.595865,0.31670684,-0.8949678
2039-04-01,69.508835,3.8411326,84.565834,20.616066,10.275333,1006.61694,1010.91656,436.74597,194.52037,4.0174594,28.091166,28.92991,27.357325,-0.9954452,-0.49211738
2039-05-01,65.21905,4.0242033,82.07801,20.027079,6.8571196,1005.9102,1010.1631,426.8096,205.14467,4.168479,28.09425,28.837255,27.387106,-2.4175792,0.21227713
2039-06-01,73.231445,7.1084213,81.499596,19.650946,8.469023,1006.6311,1011.06683,430.47333,161.46237,8.094669,27.928162,28.85623,27.090023,-6.84561,3.7239761
2039-07-01,67.068245,6.982214,78.79148,18.558714,2.217195,1006.744,1010.84393,415.95117,206.87038,8.408054,27.550488,28.42438,26.761879,-6.8714614,4.460723
2039-08-01,65.93922,6.572003,77.11451,17.971891,0.9219249,1007.8044,1011.92255,408.37256,246.19899,8.222011,27.430073,28.313698,26.619768,-6.5356116,4.4616394
2039-09-01,68.949905,5.8421283,78.97973,18.321323,1.7961237,1007.8495,1011.8041,415.2565,253.25601,7.679235,27.365553,28.278238,26.531975,-6.0377135,4.1342
2039-10-01,64.21781,5.5880003,77.56985,18.449154,2.0360644,1007.92535,1011.79846,410.7343,282.65472,7.1474867,27.78311,28.680733,26.943897,-6.0430427,3.233123
2039-11-01,69.59568,4.595641,83.404366,19.470694,9.156765,1006.22876,1010.3547,429.2515,218.40134,6.049234,27.40171,28.240881,26.672388,-5.21029,2.3079493
2039-12-01,67.51515,3.3535795,82.206566,19.562075,7.2406516,1005.6915,1009.7291,426.39908,241.58562,4.0471377,27.710407,28.520628,26.964643,-2.2740152,1.3796655
2040-01-01,70.99508,4.9179597,84.63711,20.010563,13.816583,1003.98334,1008.27936,435.91476,184.26637,5.131938,27.530619,28.30122,26.885637,3.6100233,-0.015817305
2040-02-01,73.40941,4.647406,84.83162,20.354473,14.350434,1004.5614,1008.67035,438.26584,186.22801,5.144215,27.780632,28.600506,27.09062,3.5364046,-0.1175091
2040-03-01,62.751133,3.2303073,81.854774,19.87094,6.457172,1006.439,1010.6416,426.55746,246.1044,3.4035256,28.018774,28.839024,27.257078,-0.5333361,0.0879441
2040-04-01,63.159855,3.2640734,82.216095,19.953854,5.955249,1005.6111,1009.8894,427.2082,230.42735,3.5521927,28.008142,28.80011,27.255924,-1.1565365,0.2860714
2040-05-01,68.68733,5.0242057,82.97661,19.98504,6.8834915,1005.825,1010.21875,430.3574,185.8831,5.607765,27.899633,28.794075,27.106815,-4.8870325,1.7863559
2040-06-01,66.43622,7.130336,79.076,19.11808,4.703538,1007.1727,1011.23083,418.31244,195.32025,8.128692,27.988508,28.905342,27.138823,-6.869685,3.749048
2040-07-01,72.00252,6.0574713,82.047585,18.917042,9.49653,1006.1414,1010.4519,424.77072,170.47502,7.7375655,27.192701,28.071404,26.434725,-6.483011,3.6728003
2040-08-01,69.561066,6.314662,79.19992,18.22334,2.1308732,1007.6303,1011.72546,415.2947,225.09846,8.362809,27.191761,28.049112,26.417688,-6.9686303,4.1493826
2040-09-01,68.90829,5.884287,77.6681,17.433573,0.7960769,1008.5204,1012.5473,405.99228,268.823,7.635086,26.843147,27.715645,26.061157,-5.79878,4.4534345
2040-10-01,61.95703,5.274117,77.12794,17.685713,1.0072736,1007.4886,1011.3211,401.0948,300.6178,7.4061637,27.210266,28.116354,26.359053,-6.4062133,3.1112852
2040-11-01,66.83847,4.3813887,81.60751,18.535057,4.2246933,1006.3767,1010.2803,417.1905,255.35258,6.3202415,26.971584,27.795977,26.210224,-5.5349803,2.2834485
2040-12-01,67.980316,2.949597,82.23059,18.702974,3.6655366,1005.51044,1009.53796,418.7008,263.3294,3.7228901,26.941553,27.657461,26.276913,-1.4419518,1.1912334
2041-01-01,65.137665,3.626118,82.526665,19.42892,4.373907,1004.76935,1008.8342,419.29,270.17453,4.1404123,27.458906,28.234264,26.731962,0.51972705,0.7631499
2041-02-01,63.77942,4.3854446,82.599075,19.520922,8.445804,1005.4983,1009.6781,423.4942,241.1367,4.5877247,27.538797,28.357637,26.811695,1.3568645,0.67858905
2041-03-01,66.77642,3.6340823,82.708244,19.615227,7.3114777,1005.6144,1009.7638,426.82187,228.64055,3.821225,27.612143,28.387846,26.90588,1.3216878,0.34341156
2041-04-01,63.83285,3.3728116,82.70252,19.810602,5.9198613,1006.43463,1010.61554,425.5081,233.66356,3.6778283,27.80549,28.624027,27.067934,-2.1936219,0.29678747
2041-05-01,68.10824,4.824937,82.57402,19.910164,6.0403447,1005.22986,1009.51306,426.987,197.73982,5.514995,27.901415,28.76634,27.107975,-4.8451524,1.9976617
2041-06-01,72.70014,6.3292565,82.48652,19.4338,10.834161,1005.5598,1009.70624,429.07657,155.49333,7.3742456,27.53325,28.378471,26.802137,-5.9820156,3.594261
2041-07-01,74.06334,5.9303718,82.90267,19.29601,7.595398,1005.5875,1009.7141,427.2112,171.33395,7.487661,27.31403,28.076399,26.644064,-5.927813,3.5476172
2041-08-01,73.555145,6.958221,80.58177,18.74183,7.6757374,1006.00037,1010.2069,424.61627,183.89906,8.810351,27.3567,28.268225,26.540562,-7.1769195,4.661118
2041-09-01,66.11113,5.757266,81.141014,18.60747,6.58042,1006.98346,1011.09875,420.3547,222.91194,7.3081617,27.132824,27.92908,26.431702,-5.948045,3.6659827
2041-10-01,59.70228,4.2098074,81.06153,18.772474,4.3894978,1007.77344,1011.73846,418.41312,254.16273,5.4967427,27.312748,28.15676,26.535492,-4.519115,2.3375573
2041-11-01,66.695335,4.871376,80.835556,19.331434,6.146927,1006.2824,1010.3482,423.9525,241.1235,6.154279,27.813854,28.681854,27.007317,-5.2218223,2.4257822
2041-12-01,65.86943,3.5948715,81.20237,19.521458,4.8963428,1004.77966,1008.87726,422.47833,261.83905,4.450375,27.86559,28.691677,27.084972,-2.9783423,1.4680008
2042-01-01,64.19985,4.664728,80.120636,19.174372,8.04366,1005.1363,1009.3465,420.81168,243.52841,4.4188933,27.74978,28.529118,27.06721,2.1641169,0.55422276
2042-02-01,59.041126,3.577355,80.82212,19.758406,7.1348615,1005.2072,1009.49036,424.46756,255.90205,3.4366088,28.1151,28.890203,27.4042,0.9839908,-0.12523967
2042-03-01,64.42789,3.562356,82.451645,20.195906,7.9537034,1006.1813,1010.4131,431.18387,230.7454,3.6718576,28.162428,28.961401,27.420383,2.4371579,-0.90258884
2042-04-01,64.22236,3.3130352,80.887405,19.846737,5.3077207,1006.45807,1010.7314,425.38297,239.60896,3.2149985,28.20972,29.024475,27.440279,-0.54455036,-0.09790003
2042-05-01,65.937294,4.482714,81.098305,19.655779,6.322311,1006.35297,1010.6842,424.5363,203.17924,4.499252,28.00149,28.769304,27.299194,-2.9534535,1.5732456
2042-06-01,71.46071,6.5873113,81.206314,19.650278,8.332702,1006.2322,1010.4594,427.688,166.83548,7.6377015,27.979116,28.882763,27.150154,-6.550339,3.3706481
2042-07-01,68.248825,6.3153577,80.37715,19.009687,6.4250264,1006.7869,1010.98315,420.54742,191.37325,7.5055485,27.617086,28.47544,26.837297,-6.086766,3.2456465
2042-08-01,71.263626,6.3440614,79.7752,18.985102,5.1259027,1007.0116,1011.21893,422.1472,204.87784,8.063825,27.741156,28.646412,26.916843,-6.9235187,3.611605
2042-09-01,66.70371,6.6410046,77.761604,18.705204,3.253141,1007.0187,1011.15894,416.83447,247.08904,8.329763,27.952152,28.891737,27.073404,-7.1233172,3.8214333
2042-10-01,68.07797,5.322301,81.89197,19.618294,6.904923,1005.8341,1009.88434,425.83856,237.18903,6.8246593,27.812895,28.654463,27.057592,-5.769405,2.986855
2042-11-01,66.26773,3.8098853,81.96626,19.768156,6.794374,1005.7078,1009.8048,427.0915,247.7575,4.347639,27.938448,28.759205,27.194283,-2.9882536,1.3659661
2042-12-01,63.79539,3.2711313,81.732376,19.757805,5.217651,1005.98914,1010.01965,426.20633,254.7648,3.34805,27.942646,28.749565,27.173878,-0.97144675,0.23584786
2043-01-01,64.8558,3.711068,81.91274,19.951931,7.288849,1004.45544,1008.7482,426.95135,246.6229,3.6019256,28.042366,28.862757,27.312855,0.2527264,0.50109017
2043-02-01,74.13646,4.8533874,84.68771,20.431347,14.110264,1003.2015,1007.4645,438.59186,176.9978,5.135623,27.855429,28.67026,27.183805,3.8344646,-0.82751536
2043-03-01,72.88842,4.5811124,84.76228,20.366825,14.679269,1005.23016,1009.4928,437.79752,177.49052,5.2545466,27.821606,28.67648,27.129906,3.947239,-0.35127097
2043-04-01,66.89333,3.1979783,81.91894,19.612934,7.2939863,1006.3278,1010.5148,425.97668,219.70331,3.3725536,27.778368,28.491707,27.11283,0.3294221,-0.3428941
2043-05-01,68.679085,5.9061584,82.91191,20.184475,8.962589,1005.2125,1009.57196,431.10666,180.17436,6.3451533,28.057423,28.933916,27.295177,-5.1618037,2.4578807
2043-06-01,66.31161,6.4484906,79.97343,19.370382,2.123365,1006.81165,1010.97394,418.76804,210.04956,7.344652,27.997648,28.839119,27.215315,-5.981591,3.567553
2043-07-01,62.574394,6.943089,77.89171,18.078766,1.9254842,1007.1662,1011.36426,408.20224,221.03195,8.205032,27.311836,28.231812,26.512493,-6.621844,4.4341416
2043-08-01,65.65318,6.084494,77.04471,17.491297,0.6042562,1007.81445,1011.9435,404.07974,250.56267,7.916873,26.994045,27.883093,26.202608,-6.213395,4.436373
2043-09-01,62.973633,5.523104,76.55481,17.394611,0.5984622,1009.4455,1013.4051,402.54333,281.11237,7.596586,27.097603,28.023275,26.25312,-6.211401,3.8144395
2043-10-01,56.120934,4.6639524,77.480865,17.811352,1.1199157,1009.1777,1013.087,401.95374,304.64236,6.353197,27.26461,28.126543,26.456707,-5.4968696,2.4938056
2043-11-01,62.712776,4.252654,80.44761,18.743744,3.8676238,1007.4181,1011.33795,414.97675,272.3719,5.9478884,27.430573,28.28976,26.649353,-4.8425994,2.6199965
2043-12-01,61.593315,4.13802,79.57201,19.030474,2.5795534,1005.81696,1009.8249,416.02377,279.2423,5.4406786,27.82995,28.70898,27.016296,-3.8483388,2.30113
2044-01-01,60.48723,4.7513347,79.58156,18.792284,5.460996,1006.0007,1010.2194,414.46826,268.71396,4.67591,27.546003,28.409948,26.766085,0.9829021,1.4673158
2044-02-01,70.57137,3.7306619,84.455894,20.1069,9.0676775,1005.44574,1009.7463,434.00003,216.26704,3.9506674,27.671354,28.489666,26.92963,0.0794836599999999,0.56595725
2044-03-01,61.814037,2.9454322,82.01564,20.448416,5.0053377,1005.8721,1010.11676,428.62042,256.52927,3.0989556,28.458744,29.299934,27.674442,-1.6043414,-0.266683
2044-04-01,59.329456,3.4525373,81.418045,20.344637,5.574472,1007.42773,1011.6869,428.41815,239.17845,3.484418,28.527784,29.361538,27.744349,-1.7635354,-0.5797752
2044-05-01,67.907,3.7672763,84.663475,20.618706,7.4830174,1006.5201,1010.81067,433.99918,194.33075,4.132193,28.067608,28.862337,27.365667,-3.0253587,0.83634573
2044-06-01,73.13127,6.4898334,83.58855,20.33536,8.795713,1005.25446,1009.5769,435.1791,155.76886,7.5483537,28.030663,28.791018,27.354818,-6.0915217,3.5299125
2044-07-01,77.152504,6.7039957,85.04177,19.90826,14.332508,1005.24164,1009.46124,438.273,126.73832,8.197454,27.38859,28.114244,26.760649,-6.5082827,4.38915
2044-08-01,68.63891,7.117306,78.37905,18.598938,2.033597,1006.1059,1010.2909,415.94153,223.93706,8.331536,27.668043,28.53293,26.881147,-6.778149,4.4717016
2044-09-01,70.20664,6.2591963,78.39355,18.623621,2.3985941,1007.1306,1011.21027,418.42636,244.9224,7.8258505,27.741846,28.619946,26.945,-6.3743954,4.0087996
2044-10-01,67.38733,5.649092,81.04459,19.001196,5.2115707,1007.1745,1011.1822,424.18906,241.10562,7.00845,27.507565,28.346777,26.761017,-5.696879,3.4035316
2044-11-01,65.66763,4.5329437,81.66999,19.292856,4.4592233,1006.90295,1010.9057,422.4678,259.88287,5.3511667,27.609476,28.470207,26.834484,-3.817965,2.741565
2044-12-01,66.2863,3.8263383,82.1397,19.632576,6.7955074,1006.3429,1010.5588,426.49332,240.38213,4.2158227,27.782827,28.60771,27.023535,-0.72790146,0.9565863
2045-01-01,67.3725,3.6044683,81.540634,19.499573,7.1816564,1005.3322,1009.5819,424.6303,245.82315,3.5430453,27.734137,28.489147,27.046068,1.1620528,0.7354421
2045-02-01,74.4104,4.4983573,84.94937,20.502356,12.256224,1003.8778,1008.03784,438.96146,186.26466,4.9992747,27.865543,28.660315,27.170038,3.4267857,-0.6651919
2045-03-01,72.15826,4.6867566,84.03348,20.286007,12.678061,1004.4718,1008.6757,436.4554,187.09074,5.1221933,27.893328,28.719526,27.178139,3.1790767,-0.35875142
2045-04-01,68.25621,3.0207434,83.30423,20.23546,6.6041946,1005.107,1009.3255,430.31097,223.97382,3.324865,27.998104,28.754818,27.282244,-1.4620433,0.87704855
2045-05-01,70.81557,4.9749084,84.59031,20.379992,10.484487,1005.506,1009.81445,433.0649,172.37666,5.5308633,27.860662,28.593891,27.22297,-3.7857094,2.4683466
2045-06-01,73.87235,7.4406033,82.50222,19.748709,11.419821,1005.79517,1010.03156,430.99847,150.13678,8.284832,27.780987,28.623161,27.030762,-6.7549,3.8560894
2045-07-01,74.58636,6.7589025,83.206406,19.474184,10.725969,1006.0767,1010.36774,429.9381,155.24763,8.156271,27.41287,28.210691,26.730143,-6.6054177,4.019753
2045-08-01,73.60769,6.0888014,82.48779,19.10102,6.8951497,1006.8493,1011.0868,427.00604,185.57932,7.7435536,27.258423,28.042097,26.564995,-6.1376505,4.075018
2045-09-01,71.70317,5.8772,79.76143,18.66826,3.7588186,1007.6472,1011.73737,421.28812,231.63896,7.4168334,27.485685,28.304005,26.76044,-5.911294,4.0904565
2045-10-01,63.29235,5.7330127,78.2361,18.71477,2.4561415,1008.7451,1012.8098,415.28314,277.1163,7.2533526,27.880144,28.726969,27.078478,-6.17913,3.2167742
2045-11-01,61.850258,4.936031,78.43752,18.915562,4.028028,1007.072,1011.0533,417.52493,262.4217,6.1137404,28.005426,28.892893,27.181784,-5.210167,2.3063247
2045-12-01,62.337936,4.1823797,80.35124,19.565483,3.6162844,1006.765,1010.86664,422.50436,264.49017,5.0653133,28.119759,29.002565,27.274012,-3.4798217,1.7618816
